t,cmdty,market_id,market_name,state_id,state_name,district_id,district_name,variety,p_min,p_max,p_modal
"2023-04-27","Turmeric","1122","Thodupuzha","32","Kerala","596","Idukki","Other","1600","1700","1700"
"2023-04-27","Turmeric","1122","Thodupuzha","32","Kerala","596","Idukki","Dry","10500","11000","11000"
"2023-04-25","Turmeric","3097","Chala","32","Kerala","601","Thiruvananthapuram","Other","10500","16000","10500"
"2023-04-20","Turmeric","1122","Thodupuzha","32","Kerala","596","Idukki","Other","1600","1700","1700"
"2023-04-20","Turmeric","1122","Thodupuzha","32","Kerala","596","Idukki","Dry","10500","11000","11000"
"2023-04-19","Turmeric","1122","Thodupuzha","32","Kerala","596","Idukki","Dry","10500","11000","11000"
"2023-04-19","Turmeric","1122","Thodupuzha","32","Kerala","596","Idukki","Other","1600","1700","1700"
"2023-04-17","Turmeric","1122","Thodupuzha","32","Kerala","596","Idukki","Dry","10500","11000","11000"
"2023-04-17","Turmeric","1122","Thodupuzha","32","Kerala","596","Idukki","Other","1600","1700","1700"
"2023-04-12","Turmeric","1122","Thodupuzha","32","Kerala","596","Idukki","Other","1600","1700","1700"
"2023-04-12","Turmeric","1122","Thodupuzha","32","Kerala","596","Idukki","Dry","10500","11000","11000"
"2023-04-10","Turmeric","1122","Thodupuzha","32","Kerala","596","Idukki","Dry","10500","11000","11000"
"2023-04-10","Turmeric","1122","Thodupuzha","32","Kerala","596","Idukki","Other","1600","1700","1700"
"2023-04-04","Turmeric","1122","Thodupuzha","32","Kerala","596","Idukki","Other","1600","1700","1700"
"2023-04-04","Turmeric","1122","Thodupuzha","32","Kerala","596","Idukki","Dry","10500","11000","11000"
"2023-04-04","Turmeric","3091","Kondotty","32","Kerala","592","Malappuram","Other","2200","2400","2300"
"2023-04-03","Turmeric","1122","Thodupuzha","32","Kerala","596","Idukki","Other","1600","1700","1700"
"2023-04-03","Turmeric","1122","Thodupuzha","32","Kerala","596","Idukki","Dry","10500","11000","11000"
"2023-04-01","Turmeric","1122","Thodupuzha","32","Kerala","596","Idukki","Dry","10500","11000","11000"
"2023-04-01","Turmeric","1122","Thodupuzha","32","Kerala","596","Idukki","Other","1600","1700","1700"
"2023-03-29","Turmeric","1122","Thodupuzha","32","Kerala","596","Idukki","Other","1600","1700","1700"
"2023-03-29","Turmeric","1122","Thodupuzha","32","Kerala","596","Idukki","Dry","10500","11000","11000"
"2023-03-27","Turmeric","1122","Thodupuzha","32","Kerala","596","Idukki","Dry","10500","11000","11000"
"2023-03-27","Turmeric","1122","Thodupuzha","32","Kerala","596","Idukki","Other","1600","1700","1700"
"2023-03-25","Turmeric","1122","Thodupuzha","32","Kerala","596","Idukki","Other","1600","1700","1700"
"2023-03-25","Turmeric","1122","Thodupuzha","32","Kerala","596","Idukki","Dry","10500","11000","11000"
"2023-03-22","Turmeric","1122","Thodupuzha","32","Kerala","596","Idukki","Dry","10500","11000","11000"
"2023-03-22","Turmeric","1122","Thodupuzha","32","Kerala","596","Idukki","Other","1600","1700","1700"
"2023-03-21","Turmeric","3097","Chala","32","Kerala","601","Thiruvananthapuram","Other","11000","11500","11000"
"2023-03-20","Turmeric","1122","Thodupuzha","32","Kerala","596","Idukki","Other","1600","1700","1700"
"2023-03-20","Turmeric","1122","Thodupuzha","32","Kerala","596","Idukki","Dry","10500","11000","11000"
"2023-03-15","Turmeric","1122","Thodupuzha","32","Kerala","596","Idukki","Other","1600","1700","1700"
"2023-03-15","Turmeric","1122","Thodupuzha","32","Kerala","596","Idukki","Dry","10500","11000","11000"
"2023-03-14","Turmeric","1122","Thodupuzha","32","Kerala","596","Idukki","Dry","10500","11000","11000"
"2023-03-14","Turmeric","1122","Thodupuzha","32","Kerala","596","Idukki","Other","1600","1700","1700"
"2023-03-13","Turmeric","1122","Thodupuzha","32","Kerala","596","Idukki","Dry","10500","11000","11000"
"2023-03-13","Turmeric","1122","Thodupuzha","32","Kerala","596","Idukki","Other","1600","1700","1700"
"2023-03-11","Turmeric","1122","Thodupuzha","32","Kerala","596","Idukki","Other","1600","1700","1700"
"2023-03-11","Turmeric","1122","Thodupuzha","32","Kerala","596","Idukki","Dry","10500","11000","11000"
"2023-03-10","Turmeric","1122","Thodupuzha","32","Kerala","596","Idukki","Dry","10500","11000","11000"
"2023-03-10","Turmeric","1122","Thodupuzha","32","Kerala","596","Idukki","Other","1600","1700","1700"
"2023-03-08","Turmeric","1122","Thodupuzha","32","Kerala","596","Idukki","Other","1600","1700","1700"
"2023-03-08","Turmeric","1122","Thodupuzha","32","Kerala","596","Idukki","Dry","10500","11000","11000"
"2023-03-07","Turmeric","1122","Thodupuzha","32","Kerala","596","Idukki","Other","1600","1700","1700"
"2023-03-07","Turmeric","1122","Thodupuzha","32","Kerala","596","Idukki","Dry","10500","11000","11000"
"2023-03-04","Turmeric","1122","Thodupuzha","32","Kerala","596","Idukki","Other","1600","1700","1700"
"2023-03-04","Turmeric","1122","Thodupuzha","32","Kerala","596","Idukki","Dry","10500","11000","11000"
"2023-03-01","Turmeric","1122","Thodupuzha","32","Kerala","596","Idukki","Other","1500","1600","1600"
"2023-03-01","Turmeric","1122","Thodupuzha","32","Kerala","596","Idukki","Dry","10500","11000","11000"
"2023-02-27","Turmeric","1122","Thodupuzha","32","Kerala","596","Idukki","Other","1600","1700","1700"
"2023-02-27","Turmeric","1122","Thodupuzha","32","Kerala","596","Idukki","Dry","10500","11000","11000"
"2023-02-25","Turmeric","1122","Thodupuzha","32","Kerala","596","Idukki","Other","1600","1700","1700"
"2023-02-25","Turmeric","1122","Thodupuzha","32","Kerala","596","Idukki","Dry","10500","11000","11000"
"2023-02-24","Turmeric","1122","Thodupuzha","32","Kerala","596","Idukki","Dry","10000","11000","11000"
"2023-02-24","Turmeric","1122","Thodupuzha","32","Kerala","596","Idukki","Other","1600","1700","1700"
"2023-02-20","Turmeric","1122","Thodupuzha","32","Kerala","596","Idukki","Dry","1600","1700","1700"
"2023-02-20","Turmeric","1122","Thodupuzha","32","Kerala","596","Idukki","Other","10000","11000","11000"
"2023-02-18","Turmeric","1122","Thodupuzha","32","Kerala","596","Idukki","Dry","10500","11000","11000"
"2023-02-18","Turmeric","1122","Thodupuzha","32","Kerala","596","Idukki","Other","1600","1700","1700"
"2023-02-17","Turmeric","1122","Thodupuzha","32","Kerala","596","Idukki","Dry","11000","12000","12000"
"2023-02-17","Turmeric","1122","Thodupuzha","32","Kerala","596","Idukki","Other","1600","1700","1700"
"2023-02-16","Turmeric","1122","Thodupuzha","32","Kerala","596","Idukki","Dry","11000","12000","12000"
"2023-02-16","Turmeric","1122","Thodupuzha","32","Kerala","596","Idukki","Other","1600","1700","1700"
"2023-02-15","Turmeric","1122","Thodupuzha","32","Kerala","596","Idukki","Dry","11000","12000","12000"
"2023-02-15","Turmeric","1122","Thodupuzha","32","Kerala","596","Idukki","Other","1600","1700","1700"
"2023-02-14","Turmeric","1122","Thodupuzha","32","Kerala","596","Idukki","Other","1600","1700","1700"
"2023-02-14","Turmeric","1122","Thodupuzha","32","Kerala","596","Idukki","Dry","11500","12000","12000"
"2023-02-14","Turmeric","3097","Chala","32","Kerala","601","Thiruvananthapuram","Other","10500","11000","10500"
"2023-02-13","Turmeric","1122","Thodupuzha","32","Kerala","596","Idukki","Other","1600","1700","1700"
"2023-02-13","Turmeric","1122","Thodupuzha","32","Kerala","596","Idukki","Dry","11500","12000","12000"
"2023-02-10","Turmeric","1122","Thodupuzha","32","Kerala","596","Idukki","Dry","11000","12000","12000"
"2023-02-10","Turmeric","1122","Thodupuzha","32","Kerala","596","Idukki","Other","1600","1700","1700"
"2022-12-06","Turmeric","3097","Chala","32","Kerala","601","Thiruvananthapuram","Other","10500","11000","10500"
"2022-11-07","Turmeric","3080","Adimali","32","Kerala","596","Idukki","Dry","10000","10000","10000"
"2022-10-28","Turmeric","3097","Chala","32","Kerala","601","Thiruvananthapuram","Other","10000","10000","10000"
"2022-10-17","Turmeric","1122","Thodupuzha","32","Kerala","596","Idukki","Dry","11000","12000","12000"
"2022-10-17","Turmeric","1122","Thodupuzha","32","Kerala","596","Idukki","Other","2200","2400","2400"
"2022-09-27","Turmeric","3097","Chala","32","Kerala","601","Thiruvananthapuram","Other","10500","10600","10500"
"2022-09-19","Turmeric","3080","Adimali","32","Kerala","596","Idukki","Turmeric","11000","11000","11000"
"2022-07-22","Turmeric","3097","Chala","32","Kerala","601","Thiruvananthapuram","Other","11000","11000","11000"
"2022-07-19","Turmeric","3097","Chala","32","Kerala","601","Thiruvananthapuram","Other","11000","11000","11000"
"2022-06-29","Turmeric","3080","Adimali","32","Kerala","596","Idukki","Dry","10000","10000","10000"
"2022-06-28","Turmeric","3097","Chala","32","Kerala","601","Thiruvananthapuram","Other","11000","11000","11000"
"2022-06-14","Turmeric","3097","Chala","32","Kerala","601","Thiruvananthapuram","Other","11500","12000","11500"
"2022-06-07","Turmeric","1122","Thodupuzha","32","Kerala","596","Idukki","Other","1700","1800","1800"
"2022-06-07","Turmeric","1122","Thodupuzha","32","Kerala","596","Idukki","Dry","11000","12000","12000"
"2022-06-06","Turmeric","1122","Thodupuzha","32","Kerala","596","Idukki","Other","1700","1800","1800"
"2022-06-06","Turmeric","1122","Thodupuzha","32","Kerala","596","Idukki","Dry","11000","12000","12000"
"2022-06-04","Turmeric","1122","Thodupuzha","32","Kerala","596","Idukki","Dry","11000","12000","12000"
"2022-06-04","Turmeric","1122","Thodupuzha","32","Kerala","596","Idukki","Other","1700","1800","1800"
"2022-06-03","Turmeric","1122","Thodupuzha","32","Kerala","596","Idukki","Dry","11000","12000","12000"
"2022-06-03","Turmeric","1122","Thodupuzha","32","Kerala","596","Idukki","Other","1700","1800","1800"
"2022-06-02","Turmeric","1122","Thodupuzha","32","Kerala","596","Idukki","Other","1700","1800","1800"
"2022-06-02","Turmeric","1122","Thodupuzha","32","Kerala","596","Idukki","Dry","11000","12000","12000"
"2022-06-01","Turmeric","1122","Thodupuzha","32","Kerala","596","Idukki","Dry","11000","12000","12000"
"2022-06-01","Turmeric","1122","Thodupuzha","32","Kerala","596","Idukki","Other","1700","1800","1800"
"2022-05-31","Turmeric","1122","Thodupuzha","32","Kerala","596","Idukki","Other","1700","1800","1800"
"2022-05-31","Turmeric","1122","Thodupuzha","32","Kerala","596","Idukki","Dry","11000","12000","12000"
"2022-05-30","Turmeric","1122","Thodupuzha","32","Kerala","596","Idukki","Other","1700","1800","1800"
"2022-05-30","Turmeric","1122","Thodupuzha","32","Kerala","596","Idukki","Dry","11000","12000","12000"
"2022-05-30","Turmeric","3097","Chala","32","Kerala","601","Thiruvananthapuram","Other","4800","5000","4800"
"2022-05-28","Turmeric","1122","Thodupuzha","32","Kerala","596","Idukki","Other","1700","1800","1800"
"2022-05-28","Turmeric","1122","Thodupuzha","32","Kerala","596","Idukki","Dry","11000","12000","12000"
"2022-05-27","Turmeric","1122","Thodupuzha","32","Kerala","596","Idukki","Other","1700","1800","1800"
"2022-05-27","Turmeric","1122","Thodupuzha","32","Kerala","596","Idukki","Dry","11000","12000","12000"
"2022-05-26","Turmeric","3083","Kattappana","32","Kerala","596","Idukki","Dry","8000","10000","8800"
"2022-05-26","Turmeric","1122","Thodupuzha","32","Kerala","596","Idukki","Other","1700","1800","1800"
"2022-05-26","Turmeric","1122","Thodupuzha","32","Kerala","596","Idukki","Dry","11000","12000","12000"
"2022-05-25","Turmeric","1122","Thodupuzha","32","Kerala","596","Idukki","Other","1700","1800","1800"
"2022-05-25","Turmeric","1122","Thodupuzha","32","Kerala","596","Idukki","Dry","11000","12000","12000"
"2022-05-24","Turmeric","1122","Thodupuzha","32","Kerala","596","Idukki","Dry","11000","12000","12000"
"2022-05-24","Turmeric","135","Moovattupuzha","32","Kerala","595","Ernakulam","Dry","9100","9300","9200"
"2022-05-24","Turmeric","1122","Thodupuzha","32","Kerala","596","Idukki","Other","1700","1800","1800"
"2022-05-23","Turmeric","1122","Thodupuzha","32","Kerala","596","Idukki","Dry","11000","12000","12000"
"2022-05-23","Turmeric","1122","Thodupuzha","32","Kerala","596","Idukki","Other","1700","1800","1800"
"2022-05-21","Turmeric","1122","Thodupuzha","32","Kerala","596","Idukki","Other","1700","1800","1800"
"2022-05-21","Turmeric","1122","Thodupuzha","32","Kerala","596","Idukki","Dry","11000","12000","12000"
"2022-05-20","Turmeric","1122","Thodupuzha","32","Kerala","596","Idukki","Other","1700","1800","1800"
"2022-05-20","Turmeric","1122","Thodupuzha","32","Kerala","596","Idukki","Dry","11000","12000","12000"
"2022-05-19","Turmeric","1122","Thodupuzha","32","Kerala","596","Idukki","Dry","11000","12000","12000"
"2022-05-19","Turmeric","1122","Thodupuzha","32","Kerala","596","Idukki","Other","1700","1800","1800"
"2022-05-19","Turmeric","3097","Chala","32","Kerala","601","Thiruvananthapuram","Other","11500","15500","11500"
"2022-05-17","Turmeric","1122","Thodupuzha","32","Kerala","596","Idukki","Dry","11000","12000","12000"
"2022-05-17","Turmeric","1122","Thodupuzha","32","Kerala","596","Idukki","Other","1700","1800","1800"
"2022-05-16","Turmeric","1122","Thodupuzha","32","Kerala","596","Idukki","Other","1700","1800","1800"
"2022-05-16","Turmeric","1122","Thodupuzha","32","Kerala","596","Idukki","Dry","11000","12000","12000"
"2022-05-13","Turmeric","1122","Thodupuzha","32","Kerala","596","Idukki","Dry","11000","12000","12000"
"2022-05-13","Turmeric","1122","Thodupuzha","32","Kerala","596","Idukki","Other","1700","1800","1800"
"2022-05-12","Turmeric","1122","Thodupuzha","32","Kerala","596","Idukki","Dry","11000","12000","12000"
"2022-05-12","Turmeric","1122","Thodupuzha","32","Kerala","596","Idukki","Other","1700","1800","1800"
"2022-05-10","Turmeric","1122","Thodupuzha","32","Kerala","596","Idukki","Other","1700","1800","1800"
"2022-05-10","Turmeric","1122","Thodupuzha","32","Kerala","596","Idukki","Dry","11000","12000","12000"
"2022-05-09","Turmeric","1122","Thodupuzha","32","Kerala","596","Idukki","Dry","11000","12000","12000"
"2022-05-09","Turmeric","1122","Thodupuzha","32","Kerala","596","Idukki","Other","1700","1800","1800"
"2022-05-07","Turmeric","1122","Thodupuzha","32","Kerala","596","Idukki","Dry","11000","12000","12000"
"2022-05-07","Turmeric","1122","Thodupuzha","32","Kerala","596","Idukki","Other","1700","1800","1800"
"2022-05-06","Turmeric","1122","Thodupuzha","32","Kerala","596","Idukki","Other","1700","1800","1800"
"2022-05-06","Turmeric","1122","Thodupuzha","32","Kerala","596","Idukki","Dry","11000","12000","12000"
"2022-05-05","Turmeric","1122","Thodupuzha","32","Kerala","596","Idukki","Dry","11000","12000","12000"
"2022-05-05","Turmeric","1122","Thodupuzha","32","Kerala","596","Idukki","Other","1600","1700","1700"
"2022-05-04","Turmeric","1122","Thodupuzha","32","Kerala","596","Idukki","Other","1700","1800","1800"
"2022-05-04","Turmeric","1122","Thodupuzha","32","Kerala","596","Idukki","Dry","11000","12000","12000"
"2022-04-29","Turmeric","1122","Thodupuzha","32","Kerala","596","Idukki","Dry","11000","12000","12000"
"2022-04-29","Turmeric","1122","Thodupuzha","32","Kerala","596","Idukki","Other","1700","1800","1800"
"2022-04-28","Turmeric","1122","Thodupuzha","32","Kerala","596","Idukki","Dry","11000","12000","12000"
"2022-04-28","Turmeric","1122","Thodupuzha","32","Kerala","596","Idukki","Other","1700","1800","1800"
"2022-04-27","Turmeric","1122","Thodupuzha","32","Kerala","596","Idukki","Dry","11000","12000","12000"
"2022-04-27","Turmeric","1122","Thodupuzha","32","Kerala","596","Idukki","Other","1700","1800","1800"
"2022-04-26","Turmeric","1122","Thodupuzha","32","Kerala","596","Idukki","Other","1700","1800","1800"
"2022-04-26","Turmeric","1122","Thodupuzha","32","Kerala","596","Idukki","Dry","11500","12000","12000"
"2022-04-25","Turmeric","1122","Thodupuzha","32","Kerala","596","Idukki","Other","1700","1800","1800"
"2022-04-25","Turmeric","1122","Thodupuzha","32","Kerala","596","Idukki","Dry","11000","12000","12000"
"2022-04-23","Turmeric","1122","Thodupuzha","32","Kerala","596","Idukki","Other","1700","1800","1800"
"2022-04-23","Turmeric","1122","Thodupuzha","32","Kerala","596","Idukki","Dry","11000","12000","12000"
"2022-04-21","Turmeric","1122","Thodupuzha","32","Kerala","596","Idukki","Dry","11500","12000","12000"
"2022-04-21","Turmeric","1122","Thodupuzha","32","Kerala","596","Idukki","Other","1700","1800","1800"
"2022-04-20","Turmeric","1122","Thodupuzha","32","Kerala","596","Idukki","Other","1600","1700","1700"
"2022-04-20","Turmeric","1122","Thodupuzha","32","Kerala","596","Idukki","Dry","11500","12000","12000"
"2022-04-19","Turmeric","1122","Thodupuzha","32","Kerala","596","Idukki","Other","1700","1800","1800"
"2022-04-19","Turmeric","1122","Thodupuzha","32","Kerala","596","Idukki","Dry","11500","12000","12000"
"2022-04-18","Turmeric","1122","Thodupuzha","32","Kerala","596","Idukki","Other","1700","1800","1800"
"2022-04-18","Turmeric","1122","Thodupuzha","32","Kerala","596","Idukki","Dry","11500","12000","12000"
"2022-04-16","Turmeric","1122","Thodupuzha","32","Kerala","596","Idukki","Dry","10500","11000","11000"
"2022-04-16","Turmeric","1122","Thodupuzha","32","Kerala","596","Idukki","Other","1600","1700","1700"
"2022-04-14","Turmeric","1122","Thodupuzha","32","Kerala","596","Idukki","Other","1600","1700","1700"
"2022-04-14","Turmeric","1122","Thodupuzha","32","Kerala","596","Idukki","Dry","10500","11000","11000"
"2022-04-13","Turmeric","1122","Thodupuzha","32","Kerala","596","Idukki","Dry","10500","11000","11000"
"2022-04-13","Turmeric","1122","Thodupuzha","32","Kerala","596","Idukki","Other","1600","1700","1700"
"2022-04-12","Turmeric","1122","Thodupuzha","32","Kerala","596","Idukki","Dry","10500","11000","11000"
"2022-04-12","Turmeric","1122","Thodupuzha","32","Kerala","596","Idukki","Other","1600","1700","1700"
"2022-04-11","Turmeric","1122","Thodupuzha","32","Kerala","596","Idukki","Dry","10500","11000","11000"
"2022-04-11","Turmeric","1122","Thodupuzha","32","Kerala","596","Idukki","Other","1600","1700","1700"
"2022-04-08","Turmeric","1122","Thodupuzha","32","Kerala","596","Idukki","Other","1600","1700","1700"
"2022-04-08","Turmeric","1122","Thodupuzha","32","Kerala","596","Idukki","Dry","10500","11000","11000"
"2022-04-07","Turmeric","1122","Thodupuzha","32","Kerala","596","Idukki","Dry","10500","11000","11000"
"2022-04-07","Turmeric","1122","Thodupuzha","32","Kerala","596","Idukki","Other","1600","1700","1700"
"2022-04-06","Turmeric","1122","Thodupuzha","32","Kerala","596","Idukki","Dry","10500","11000","11000"
"2022-04-06","Turmeric","1122","Thodupuzha","32","Kerala","596","Idukki","Other","1600","1700","1700"
"2022-04-06","Turmeric","3091","Kondotty","32","Kerala","592","Malappuram","Other","1500","1700","1600"
"2022-04-05","Turmeric","1122","Thodupuzha","32","Kerala","596","Idukki","Other","1600","1700","1700"
"2022-04-05","Turmeric","1122","Thodupuzha","32","Kerala","596","Idukki","Dry","10500","11000","11000"
"2022-04-04","Turmeric","135","Moovattupuzha","32","Kerala","595","Ernakulam","Other","9200","9400","9300"
"2022-04-04","Turmeric","1122","Thodupuzha","32","Kerala","596","Idukki","Other","1600","1700","1700"
"2022-04-04","Turmeric","1122","Thodupuzha","32","Kerala","596","Idukki","Dry","10500","11000","11000"
"2022-04-02","Turmeric","1122","Thodupuzha","32","Kerala","596","Idukki","Other","1600","1700","1700"
"2022-04-02","Turmeric","1122","Thodupuzha","32","Kerala","596","Idukki","Dry","10500","11000","11000"
"2022-04-01","Turmeric","135","Moovattupuzha","32","Kerala","595","Ernakulam","Dry","9200","9400","9300"
"2022-04-01","Turmeric","2155","Kottakkal","32","Kerala","592","Malappuram","Other","2300","2500","2350"
"2022-03-30","Turmeric","1122","Thodupuzha","32","Kerala","596","Idukki","Dry","10500","11000","11000"
"2022-03-30","Turmeric","1122","Thodupuzha","32","Kerala","596","Idukki","Other","1600","1700","1700"
"2022-03-26","Turmeric","1122","Thodupuzha","32","Kerala","596","Idukki","Other","1600","1700","1700"
"2022-03-26","Turmeric","135","Moovattupuzha","32","Kerala","595","Ernakulam","Dry","8900","9100","9000"
"2022-03-26","Turmeric","1122","Thodupuzha","32","Kerala","596","Idukki","Dry","10500","11000","11000"
"2022-03-25","Turmeric","1122","Thodupuzha","32","Kerala","596","Idukki","Other","1600","1700","1700"
"2022-03-25","Turmeric","1122","Thodupuzha","32","Kerala","596","Idukki","Dry","10500","11000","11000"
"2022-03-23","Turmeric","1122","Thodupuzha","32","Kerala","596","Idukki","Other","1600","1700","1700"
"2022-03-23","Turmeric","1122","Thodupuzha","32","Kerala","596","Idukki","Dry","10500","11000","11000"
"2022-03-22","Turmeric","1122","Thodupuzha","32","Kerala","596","Idukki","Other","1600","1700","1700"
"2022-03-22","Turmeric","1122","Thodupuzha","32","Kerala","596","Idukki","Dry","10500","11000","11000"
"2022-03-21","Turmeric","1122","Thodupuzha","32","Kerala","596","Idukki","Other","1600","1700","1700"
"2022-03-21","Turmeric","1122","Thodupuzha","32","Kerala","596","Idukki","Dry","10500","11000","11000"
"2022-03-18","Turmeric","1122","Thodupuzha","32","Kerala","596","Idukki","Dry","10500","11000","11000"
"2022-03-18","Turmeric","1122","Thodupuzha","32","Kerala","596","Idukki","Other","1600","1700","1700"
"2022-03-16","Turmeric","1122","Thodupuzha","32","Kerala","596","Idukki","Dry","10500","11000","11000"
"2022-03-16","Turmeric","1122","Thodupuzha","32","Kerala","596","Idukki","Other","1600","1700","1700"
"2022-03-15","Turmeric","1122","Thodupuzha","32","Kerala","596","Idukki","Other","1600","1700","1700"
"2022-03-15","Turmeric","1122","Thodupuzha","32","Kerala","596","Idukki","Dry","10500","11000","11000"
"2022-03-15","Turmeric","135","Moovattupuzha","32","Kerala","595","Ernakulam","Other","9200","9400","9300"
"2022-03-14","Turmeric","1122","Thodupuzha","32","Kerala","596","Idukki","Dry","10500","11000","11000"
"2022-03-14","Turmeric","1122","Thodupuzha","32","Kerala","596","Idukki","Other","1600","1700","1700"
"2022-03-14","Turmeric","135","Moovattupuzha","32","Kerala","595","Ernakulam","Dry","9200","9400","9300"
"2022-03-11","Turmeric","1122","Thodupuzha","32","Kerala","596","Idukki","Other","1600","1700","1700"
"2022-03-11","Turmeric","1122","Thodupuzha","32","Kerala","596","Idukki","Dry","10500","11000","11000"
"2022-03-10","Turmeric","1122","Thodupuzha","32","Kerala","596","Idukki","Dry","10500","11000","11000"
"2022-03-10","Turmeric","1122","Thodupuzha","32","Kerala","596","Idukki","Other","1600","1700","1700"
"2022-03-09","Turmeric","1122","Thodupuzha","32","Kerala","596","Idukki","Dry","10500","11000","11000"
"2022-03-09","Turmeric","135","Moovattupuzha","32","Kerala","595","Ernakulam","Dry","9200","9400","9300"
"2022-03-09","Turmeric","1122","Thodupuzha","32","Kerala","596","Idukki","Other","1600","1700","1700"
"2022-03-08","Turmeric","135","Moovattupuzha","32","Kerala","595","Ernakulam","Dry","9000","9200","9100"
"2022-03-08","Turmeric","1122","Thodupuzha","32","Kerala","596","Idukki","Other","1600","1700","1700"
"2022-03-08","Turmeric","1122","Thodupuzha","32","Kerala","596","Idukki","Dry","10500","11000","11000"
"2022-03-07","Turmeric","1122","Thodupuzha","32","Kerala","596","Idukki","Dry","10500","11000","11000"
"2022-03-07","Turmeric","135","Moovattupuzha","32","Kerala","595","Ernakulam","Dry","8900","9100","9000"
"2022-03-07","Turmeric","1122","Thodupuzha","32","Kerala","596","Idukki","Other","1600","1700","1700"
"2022-03-05","Turmeric","1122","Thodupuzha","32","Kerala","596","Idukki","Other","1600","1700","1700"
"2022-03-05","Turmeric","1122","Thodupuzha","32","Kerala","596","Idukki","Dry","10500","11000","11000"
"2022-03-04","Turmeric","1122","Thodupuzha","32","Kerala","596","Idukki","Other","1600","1700","1700"
"2022-03-04","Turmeric","1122","Thodupuzha","32","Kerala","596","Idukki","Dry","10500","11000","11000"
"2022-03-03","Turmeric","1122","Thodupuzha","32","Kerala","596","Idukki","Dry","10500","11000","11000"
"2022-03-03","Turmeric","1122","Thodupuzha","32","Kerala","596","Idukki","Other","1600","1700","1700"
"2022-03-02","Turmeric","1122","Thodupuzha","32","Kerala","596","Idukki","Other","1600","1700","1700"
"2022-03-02","Turmeric","1122","Thodupuzha","32","Kerala","596","Idukki","Dry","10500","11000","11000"
"2022-03-02","Turmeric","135","Moovattupuzha","32","Kerala","595","Ernakulam","Dry","8900","9100","9000"
"2022-02-28","Turmeric","1122","Thodupuzha","32","Kerala","596","Idukki","Other","1600","1700","1700"
"2022-02-28","Turmeric","1122","Thodupuzha","32","Kerala","596","Idukki","Dry","10500","11000","11000"
"2022-02-28","Turmeric","135","Moovattupuzha","32","Kerala","595","Ernakulam","Dry","9100","9300","9200"
"2022-02-26","Turmeric","1122","Thodupuzha","32","Kerala","596","Idukki","Dry","10500","11000","11000"
"2022-02-26","Turmeric","1122","Thodupuzha","32","Kerala","596","Idukki","Other","1600","1700","1700"
"2022-02-25","Turmeric","1122","Thodupuzha","32","Kerala","596","Idukki","Dry","10500","11000","11000"
"2022-02-25","Turmeric","1122","Thodupuzha","32","Kerala","596","Idukki","Other","1600","1700","1700"
"2022-02-24","Turmeric","1122","Thodupuzha","32","Kerala","596","Idukki","Dry","10500","11000","11000"
"2022-02-24","Turmeric","1122","Thodupuzha","32","Kerala","596","Idukki","Other","1600","1700","1700"
"2022-02-23","Turmeric","1122","Thodupuzha","32","Kerala","596","Idukki","Other","1600","1700","1700"
"2022-02-23","Turmeric","1122","Thodupuzha","32","Kerala","596","Idukki","Dry","10500","11000","11000"
"2022-02-22","Turmeric","1122","Thodupuzha","32","Kerala","596","Idukki","Dry","10500","11000","11000"
"2022-02-22","Turmeric","1122","Thodupuzha","32","Kerala","596","Idukki","Other","1600","1700","1700"
"2022-02-21","Turmeric","1122","Thodupuzha","32","Kerala","596","Idukki","Dry","10500","11000","11000"
"2022-02-21","Turmeric","1122","Thodupuzha","32","Kerala","596","Idukki","Other","1600","1700","1700"
"2022-02-19","Turmeric","1122","Thodupuzha","32","Kerala","596","Idukki","Other","1600","1700","1700"
"2022-02-19","Turmeric","1122","Thodupuzha","32","Kerala","596","Idukki","Dry","10500","11000","11000"
"2022-02-18","Turmeric","1122","Thodupuzha","32","Kerala","596","Idukki","Dry","10500","11000","11000"
"2022-02-18","Turmeric","1122","Thodupuzha","32","Kerala","596","Idukki","Other","1600","1700","1700"
"2022-02-17","Turmeric","1122","Thodupuzha","32","Kerala","596","Idukki","Other","1600","1700","1700"
"2022-02-17","Turmeric","1122","Thodupuzha","32","Kerala","596","Idukki","Dry","10500","11000","11000"
"2022-02-16","Turmeric","1122","Thodupuzha","32","Kerala","596","Idukki","Other","1600","1700","1700"
"2022-02-16","Turmeric","1122","Thodupuzha","32","Kerala","596","Idukki","Dry","10500","11000","11000"
"2022-02-15","Turmeric","1122","Thodupuzha","32","Kerala","596","Idukki","Dry","10500","11000","11000"
"2022-02-15","Turmeric","1122","Thodupuzha","32","Kerala","596","Idukki","Other","1600","1700","1700"
"2022-02-14","Turmeric","1122","Thodupuzha","32","Kerala","596","Idukki","Other","1600","1700","1700"
"2022-02-14","Turmeric","1122","Thodupuzha","32","Kerala","596","Idukki","Dry","10500","11000","11000"
"2022-02-12","Turmeric","1122","Thodupuzha","32","Kerala","596","Idukki","Other","1600","1700","1700"
"2022-02-12","Turmeric","1122","Thodupuzha","32","Kerala","596","Idukki","Dry","10500","11000","11000"
"2022-02-10","Turmeric","1122","Thodupuzha","32","Kerala","596","Idukki","Other","1600","1700","1700"
"2022-02-10","Turmeric","1122","Thodupuzha","32","Kerala","596","Idukki","Dry","10500","11000","11000"
"2022-02-07","Turmeric","1122","Thodupuzha","32","Kerala","596","Idukki","Dry","10500","11000","11000"
"2022-02-07","Turmeric","1122","Thodupuzha","32","Kerala","596","Idukki","Other","1600","1700","1700"
"2022-02-05","Turmeric","1122","Thodupuzha","32","Kerala","596","Idukki","Dry","10500","11000","11000"
"2022-02-05","Turmeric","1122","Thodupuzha","32","Kerala","596","Idukki","Other","1600","1700","1700"
"2022-02-01","Turmeric","1122","Thodupuzha","32","Kerala","596","Idukki","Other","1600","1700","1700"
"2022-02-01","Turmeric","1122","Thodupuzha","32","Kerala","596","Idukki","Dry","10000","11000","11000"
"2022-01-19","Turmeric","135","Moovattupuzha","32","Kerala","595","Ernakulam","Dry","8900","9100","9000"
"2022-01-15","Turmeric","135","Moovattupuzha","32","Kerala","595","Ernakulam","Dry","8900","9100","9000"
"2022-01-14","Turmeric","135","Moovattupuzha","32","Kerala","595","Ernakulam","Dry","8800","9000","8900"
"2022-01-13","Turmeric","135","Moovattupuzha","32","Kerala","595","Ernakulam","Dry","8400","8600","8500"
"2022-01-12","Turmeric","135","Moovattupuzha","32","Kerala","595","Ernakulam","Dry","8500","8700","8600"
"2022-01-05","Turmeric","135","Moovattupuzha","32","Kerala","595","Ernakulam","Dry","7900","8100","8000"
"2021-12-28","Turmeric","135","Moovattupuzha","32","Kerala","595","Ernakulam","Dry","8100","8300","8200"
"2021-12-24","Turmeric","135","Moovattupuzha","32","Kerala","595","Ernakulam","Dry","8500","8700","8600"
"2021-12-23","Turmeric","135","Moovattupuzha","32","Kerala","595","Ernakulam","Dry","8300","8500","8400"
"2021-12-22","Turmeric","135","Moovattupuzha","32","Kerala","595","Ernakulam","Other","7500","7700","7600"
"2021-12-17","Turmeric","135","Moovattupuzha","32","Kerala","595","Ernakulam","Dry","7100","7300","7200"
"2021-12-15","Turmeric","135","Moovattupuzha","32","Kerala","595","Ernakulam","Dry","7400","7600","7500"
"2021-12-13","Turmeric","135","Moovattupuzha","32","Kerala","595","Ernakulam","Other","7000","7200","7100"
"2021-12-10","Turmeric","135","Moovattupuzha","32","Kerala","595","Ernakulam","Dry","7500","7700","7600"
"2021-12-07","Turmeric","135","Moovattupuzha","32","Kerala","595","Ernakulam","Dry","7700","7900","7800"
"2021-12-03","Turmeric","135","Moovattupuzha","32","Kerala","595","Ernakulam","Dry","7500","7700","7600"
"2021-12-02","Turmeric","135","Moovattupuzha","32","Kerala","595","Ernakulam","Dry","7500","7700","7600"
"2021-11-30","Turmeric","135","Moovattupuzha","32","Kerala","595","Ernakulam","Dry","7500","7700","7600"
"2021-11-26","Turmeric","3097","Chala","32","Kerala","601","Thiruvananthapuram","Other","9600","9600","9600"
"2021-11-24","Turmeric","135","Moovattupuzha","32","Kerala","595","Ernakulam","Dry","7100","7300","7200"
"2021-11-22","Turmeric","135","Moovattupuzha","32","Kerala","595","Ernakulam","Dry","7700","7900","7800"
"2021-11-19","Turmeric","135","Moovattupuzha","32","Kerala","595","Ernakulam","Dry","7700","7900","7800"
"2021-11-18","Turmeric","135","Moovattupuzha","32","Kerala","595","Ernakulam","Dry","7500","7700","7600"
"2021-11-17","Turmeric","135","Moovattupuzha","32","Kerala","595","Ernakulam","Dry","7500","7700","7600"
"2021-11-16","Turmeric","135","Moovattupuzha","32","Kerala","595","Ernakulam","Dry","7700","7900","7800"
"2021-11-16","Turmeric","3097","Chala","32","Kerala","601","Thiruvananthapuram","Other","9500","9500","9500"
"2021-11-15","Turmeric","135","Moovattupuzha","32","Kerala","595","Ernakulam","Dry","7600","7800","7700"
"2021-11-12","Turmeric","135","Moovattupuzha","32","Kerala","595","Ernakulam","Dry","7600","7800","7700"
"2021-11-10","Turmeric","135","Moovattupuzha","32","Kerala","595","Ernakulam","Dry","7300","7500","7400"
"2021-11-09","Turmeric","3097","Chala","32","Kerala","601","Thiruvananthapuram","Other","9500","9500","9500"
"2021-11-09","Turmeric","135","Moovattupuzha","32","Kerala","595","Ernakulam","Dry","7500","7700","7600"
"2021-11-08","Turmeric","3080","Adimali","32","Kerala","596","Idukki","Dry","10000","10000","10000"
"2021-11-08","Turmeric","135","Moovattupuzha","32","Kerala","595","Ernakulam","Dry","7200","7400","7300"
"2021-11-06","Turmeric","135","Moovattupuzha","32","Kerala","595","Ernakulam","Dry","7000","7200","7100"
"2021-11-02","Turmeric","135","Moovattupuzha","32","Kerala","595","Ernakulam","Other","7200","7400","7300"
"2021-11-02","Turmeric","3097","Chala","32","Kerala","601","Thiruvananthapuram","Other","10000","10000","10000"
"2021-11-01","Turmeric","135","Moovattupuzha","32","Kerala","595","Ernakulam","Dry","7100","7300","7200"
"2021-10-30","Turmeric","135","Moovattupuzha","32","Kerala","595","Ernakulam","Dry","7000","7200","7100"
"2021-10-29","Turmeric","135","Moovattupuzha","32","Kerala","595","Ernakulam","Dry","7000","7200","7100"
"2021-10-27","Turmeric","135","Moovattupuzha","32","Kerala","595","Ernakulam","Dry","7000","7200","7100"
"2021-10-26","Turmeric","135","Moovattupuzha","32","Kerala","595","Ernakulam","Dry","7100","7300","7200"
"2021-10-26","Turmeric","3097","Chala","32","Kerala","601","Thiruvananthapuram","Other","10000","10000","10000"
"2021-10-25","Turmeric","135","Moovattupuzha","32","Kerala","595","Ernakulam","Dry","7100","7300","7200"
"2021-10-23","Turmeric","135","Moovattupuzha","32","Kerala","595","Ernakulam","Dry","7300","7500","7400"
"2021-10-22","Turmeric","135","Moovattupuzha","32","Kerala","595","Ernakulam","Dry","7400","7600","7500"
"2021-10-21","Turmeric","135","Moovattupuzha","32","Kerala","595","Ernakulam","Dry","7100","7300","7200"
"2021-10-20","Turmeric","3080","Adimali","32","Kerala","596","Idukki","Dry","10000","10000","10000"
"2021-10-19","Turmeric","135","Moovattupuzha","32","Kerala","595","Ernakulam","Dry","7100","7300","7200"
"2021-10-18","Turmeric","135","Moovattupuzha","32","Kerala","595","Ernakulam","Dry","7100","7300","7200"
"2021-10-16","Turmeric","135","Moovattupuzha","32","Kerala","595","Ernakulam","Dry","7100","7300","7200"
"2021-10-14","Turmeric","135","Moovattupuzha","32","Kerala","595","Ernakulam","Dry","6900","7100","7000"
"2021-10-13","Turmeric","135","Moovattupuzha","32","Kerala","595","Ernakulam","Dry","6800","7000","6900"
"2021-10-12","Turmeric","3097","Chala","32","Kerala","601","Thiruvananthapuram","Other","10000","10000","10000"
"2021-10-12","Turmeric","135","Moovattupuzha","32","Kerala","595","Ernakulam","Dry","7100","7300","7200"
"2021-10-11","Turmeric","135","Moovattupuzha","32","Kerala","595","Ernakulam","Dry","7300","7500","7400"
"2021-10-09","Turmeric","135","Moovattupuzha","32","Kerala","595","Ernakulam","Dry","7200","7400","7300"
"2021-10-08","Turmeric","135","Moovattupuzha","32","Kerala","595","Ernakulam","Dry","7000","7200","7100"
"2021-10-08","Turmeric","3097","Chala","32","Kerala","601","Thiruvananthapuram","Other","10000","10000","10000"
"2021-10-07","Turmeric","135","Moovattupuzha","32","Kerala","595","Ernakulam","Dry","7000","7200","7100"
"2021-10-06","Turmeric","135","Moovattupuzha","32","Kerala","595","Ernakulam","Dry","7100","7300","7200"
"2021-10-05","Turmeric","135","Moovattupuzha","32","Kerala","595","Ernakulam","Dry","7000","7200","7100"
"2021-10-04","Turmeric","135","Moovattupuzha","32","Kerala","595","Ernakulam","Dry","7100","7300","7200"
"2021-10-02","Turmeric","2346","Sasthamkotta","32","Kerala","600","Kollam","Local","1900","2500","2200"
"2021-10-01","Turmeric","2346","Sasthamkotta","32","Kerala","600","Kollam","Local","2000","2400","2200"
"2021-09-29","Turmeric","3080","Adimali","32","Kerala","596","Idukki","Dry","10000","10000","10000"
"2021-09-28","Turmeric","3097","Chala","32","Kerala","601","Thiruvananthapuram","Other","10000","10000","10000"
"2021-09-28","Turmeric","135","Moovattupuzha","32","Kerala","595","Ernakulam","Dry","6900","7100","7000"
"2021-09-24","Turmeric","135","Moovattupuzha","32","Kerala","595","Ernakulam","Dry","6900","7100","7000"
"2021-09-22","Turmeric","135","Moovattupuzha","32","Kerala","595","Ernakulam","Dry","6900","7100","7000"
"2021-09-21","Turmeric","135","Moovattupuzha","32","Kerala","595","Ernakulam","Other","7000","7200","7100"
"2021-09-20","Turmeric","135","Moovattupuzha","32","Kerala","595","Ernakulam","Dry","7000","7200","7100"
"2021-09-18","Turmeric","135","Moovattupuzha","32","Kerala","595","Ernakulam","Dry","7000","7200","7100"
"2021-09-17","Turmeric","135","Moovattupuzha","32","Kerala","595","Ernakulam","Dry","7100","7300","7200"
"2021-09-16","Turmeric","135","Moovattupuzha","32","Kerala","595","Ernakulam","Dry","7100","7300","7200"
"2021-09-16","Turmeric","3097","Chala","32","Kerala","601","Thiruvananthapuram","Other","10000","10000","10000"
"2021-09-15","Turmeric","135","Moovattupuzha","32","Kerala","595","Ernakulam","Dry","7100","7300","7200"
"2021-09-14","Turmeric","135","Moovattupuzha","32","Kerala","595","Ernakulam","Dry","6900","7100","7000"
"2021-09-14","Turmeric","3097","Chala","32","Kerala","601","Thiruvananthapuram","Other","10000","10000","10000"
"2021-09-13","Turmeric","135","Moovattupuzha","32","Kerala","595","Ernakulam","Dry","7000","7200","7100"
"2021-09-11","Turmeric","135","Moovattupuzha","32","Kerala","595","Ernakulam","Dry","7000","7200","7100"
"2021-09-10","Turmeric","135","Moovattupuzha","32","Kerala","595","Ernakulam","Dry","7400","7600","7500"
"2021-09-09","Turmeric","135","Moovattupuzha","32","Kerala","595","Ernakulam","Dry","7200","7400","7300"
"2021-09-08","Turmeric","135","Moovattupuzha","32","Kerala","595","Ernakulam","Dry","7100","7300","7200"
"2021-09-07","Turmeric","135","Moovattupuzha","32","Kerala","595","Ernakulam","Dry","7100","7300","7200"
"2021-09-07","Turmeric","3097","Chala","32","Kerala","601","Thiruvananthapuram","Other","10000","10000","10000"
"2021-09-06","Turmeric","135","Moovattupuzha","32","Kerala","595","Ernakulam","Dry","7100","7300","7200"
"2021-09-04","Turmeric","135","Moovattupuzha","32","Kerala","595","Ernakulam","Dry","7000","7200","7100"
"2021-09-03","Turmeric","3097","Chala","32","Kerala","601","Thiruvananthapuram","Other","10000","10000","10000"
"2021-09-03","Turmeric","135","Moovattupuzha","32","Kerala","595","Ernakulam","Dry","7100","7300","7200"
"2021-09-02","Turmeric","135","Moovattupuzha","32","Kerala","595","Ernakulam","Dry","7700","7900","7800"
"2021-09-01","Turmeric","135","Moovattupuzha","32","Kerala","595","Ernakulam","Dry","7700","7900","7800"
"2021-08-31","Turmeric","135","Moovattupuzha","32","Kerala","595","Ernakulam","Dry","7500","7700","7600"
"2021-08-28","Turmeric","135","Moovattupuzha","32","Kerala","595","Ernakulam","Dry","7700","7900","7800"
"2021-08-27","Turmeric","135","Moovattupuzha","32","Kerala","595","Ernakulam","Dry","7600","7800","7700"
"2021-08-26","Turmeric","135","Moovattupuzha","32","Kerala","595","Ernakulam","Dry","7500","7700","7600"
"2021-08-25","Turmeric","3097","Chala","32","Kerala","601","Thiruvananthapuram","Other","10000","10000","10000"
"2021-08-25","Turmeric","135","Moovattupuzha","32","Kerala","595","Ernakulam","Dry","7500","7700","7600"
"2021-08-24","Turmeric","135","Moovattupuzha","32","Kerala","595","Ernakulam","Dry","7400","7600","7500"
"2021-08-23","Turmeric","135","Moovattupuzha","32","Kerala","595","Ernakulam","Dry","7300","7500","7400"
"2021-08-20","Turmeric","135","Moovattupuzha","32","Kerala","595","Ernakulam","Dry","7700","7900","7800"
"2021-08-19","Turmeric","135","Moovattupuzha","32","Kerala","595","Ernakulam","Dry","7700","7900","7800"
"2021-08-18","Turmeric","135","Moovattupuzha","32","Kerala","595","Ernakulam","Dry","7400","7600","7500"
"2021-08-17","Turmeric","3097","Chala","32","Kerala","601","Thiruvananthapuram","Other","12000","12000","12000"
"2021-08-17","Turmeric","135","Moovattupuzha","32","Kerala","595","Ernakulam","Dry","7400","7600","7500"
"2021-08-16","Turmeric","135","Moovattupuzha","32","Kerala","595","Ernakulam","Dry","7400","7600","7500"
"2021-08-14","Turmeric","2346","Sasthamkotta","32","Kerala","600","Kollam","Local","1700","2300","2000"
"2021-08-14","Turmeric","135","Moovattupuzha","32","Kerala","595","Ernakulam","Dry","7400","7600","7500"
"2021-08-13","Turmeric","3097","Chala","32","Kerala","601","Thiruvananthapuram","Other","12000","12000","12000"
"2021-08-13","Turmeric","135","Moovattupuzha","32","Kerala","595","Ernakulam","Dry","7500","7700","7600"
"2021-08-12","Turmeric","135","Moovattupuzha","32","Kerala","595","Ernakulam","Dry","7400","7600","7500"
"2021-08-11","Turmeric","135","Moovattupuzha","32","Kerala","595","Ernakulam","Dry","7400","7600","7500"
"2021-08-10","Turmeric","3097","Chala","32","Kerala","601","Thiruvananthapuram","Other","12000","12000","12000"
"2021-08-10","Turmeric","135","Moovattupuzha","32","Kerala","595","Ernakulam","Dry","7400","7600","7500"
"2021-08-09","Turmeric","135","Moovattupuzha","32","Kerala","595","Ernakulam","Dry","7400","7600","7500"
"2021-08-07","Turmeric","135","Moovattupuzha","32","Kerala","595","Ernakulam","Dry","7300","7500","7400"
"2021-08-06","Turmeric","135","Moovattupuzha","32","Kerala","595","Ernakulam","Dry","7200","7400","7300"
"2021-08-05","Turmeric","135","Moovattupuzha","32","Kerala","595","Ernakulam","Dry","7100","7300","7200"
"2021-08-04","Turmeric","135","Moovattupuzha","32","Kerala","595","Ernakulam","Dry","6700","6900","6800"
"2021-08-03","Turmeric","135","Moovattupuzha","32","Kerala","595","Ernakulam","Dry","7400","7600","7500"
"2021-08-03","Turmeric","2346","Sasthamkotta","32","Kerala","600","Kollam","Local","2000","3000","2500"
"2021-08-03","Turmeric","3097","Chala","32","Kerala","601","Thiruvananthapuram","Other","12000","12000","12000"
"2021-08-02","Turmeric","135","Moovattupuzha","32","Kerala","595","Ernakulam","Dry","7200","7400","7300"
"2021-07-30","Turmeric","3097","Chala","32","Kerala","601","Thiruvananthapuram","Other","12000","12000","12000"
"2021-07-27","Turmeric","3097","Chala","32","Kerala","601","Thiruvananthapuram","Other","12000","12000","12000"
"2021-07-23","Turmeric","3097","Chala","32","Kerala","601","Thiruvananthapuram","Other","12000","12000","12000"
"2021-07-20","Turmeric","3097","Chala","32","Kerala","601","Thiruvananthapuram","Other","12000","12000","12000"
"2021-07-19","Turmeric","3097","Chala","32","Kerala","601","Thiruvananthapuram","Other","12000","12000","12000"
"2021-07-16","Turmeric","3097","Chala","32","Kerala","601","Thiruvananthapuram","Other","12000","12000","12000"
"2021-07-13","Turmeric","3097","Chala","32","Kerala","601","Thiruvananthapuram","Other","12000","12000","12000"
"2021-07-09","Turmeric","3097","Chala","32","Kerala","601","Thiruvananthapuram","Other","12000","12000","12000"
"2021-07-06","Turmeric","3097","Chala","32","Kerala","601","Thiruvananthapuram","Other","12000","12000","12000"
"2021-07-05","Turmeric","135","Moovattupuzha","32","Kerala","595","Ernakulam","Dry","67900","68100","68000"
"2021-07-02","Turmeric","135","Moovattupuzha","32","Kerala","595","Ernakulam","Other","6700","6900","6800"
"2021-06-29","Turmeric","3097","Chala","32","Kerala","601","Thiruvananthapuram","Other","12000","12000","12000"
"2021-06-25","Turmeric","3097","Chala","32","Kerala","601","Thiruvananthapuram","Other","12000","12000","12000"
"2021-06-22","Turmeric","3097","Chala","32","Kerala","601","Thiruvananthapuram","Other","12000","12000","12000"
"2021-05-19","Turmeric","2346","Sasthamkotta","32","Kerala","600","Kollam","Local","1800","2200","2000"
"2021-05-05","Turmeric","1122","Thodupuzha","32","Kerala","596","Idukki","Dry","11000","11500","11500"
"2021-05-05","Turmeric","1122","Thodupuzha","32","Kerala","596","Idukki","Other","1600","1800","1800"
"2021-05-04","Turmeric","1122","Thodupuzha","32","Kerala","596","Idukki","Dry","11000","11500","11500"
"2021-05-04","Turmeric","1122","Thodupuzha","32","Kerala","596","Idukki","Other","1600","1800","1800"
"2021-05-03","Turmeric","1122","Thodupuzha","32","Kerala","596","Idukki","Dry","11000","11500","11500"
"2021-05-03","Turmeric","1122","Thodupuzha","32","Kerala","596","Idukki","Other","1600","1800","1800"
"2021-04-30","Turmeric","2346","Sasthamkotta","32","Kerala","600","Kollam","Local","2000","2400","2200"
"2021-04-30","Turmeric","3097","Chala","32","Kerala","601","Thiruvananthapuram","Other","12500","12500","12500"
"2021-04-30","Turmeric","1122","Thodupuzha","32","Kerala","596","Idukki","Dry","11000","11500","11500"
"2021-04-30","Turmeric","1122","Thodupuzha","32","Kerala","596","Idukki","Other","1600","1800","1800"
"2021-04-29","Turmeric","1122","Thodupuzha","32","Kerala","596","Idukki","Other","1600","1800","1800"
"2021-04-29","Turmeric","1122","Thodupuzha","32","Kerala","596","Idukki","Dry","11000","11500","11500"
"2021-04-28","Turmeric","1122","Thodupuzha","32","Kerala","596","Idukki","Dry","11000","11500","11500"
"2021-04-28","Turmeric","1122","Thodupuzha","32","Kerala","596","Idukki","Other","1600","1800","1800"
"2021-04-26","Turmeric","1122","Thodupuzha","32","Kerala","596","Idukki","Other","1600","1800","1800"
"2021-04-26","Turmeric","1122","Thodupuzha","32","Kerala","596","Idukki","Dry","11000","11500","11500"
"2021-04-23","Turmeric","1122","Thodupuzha","32","Kerala","596","Idukki","Other","1600","1800","1800"
"2021-04-23","Turmeric","1122","Thodupuzha","32","Kerala","596","Idukki","Dry","11000","11500","11500"
"2021-04-23","Turmeric","2346","Sasthamkotta","32","Kerala","600","Kollam","Local","2800","3300","3000"
"2021-04-21","Turmeric","1122","Thodupuzha","32","Kerala","596","Idukki","Other","1600","1800","1800"
"2021-04-21","Turmeric","1122","Thodupuzha","32","Kerala","596","Idukki","Dry","11000","11500","11500"
"2021-04-20","Turmeric","1122","Thodupuzha","32","Kerala","596","Idukki","Dry","11000","11500","11500"
"2021-04-20","Turmeric","1122","Thodupuzha","32","Kerala","596","Idukki","Other","1400","1600","1600"
"2021-04-17","Turmeric","1122","Thodupuzha","32","Kerala","596","Idukki","Other","1800","2000","2000"
"2021-04-17","Turmeric","1122","Thodupuzha","32","Kerala","596","Idukki","Dry","11500","12000","12000"
"2021-04-16","Turmeric","1122","Thodupuzha","32","Kerala","596","Idukki","Other","1800","2000","2000"
"2021-04-16","Turmeric","3097","Chala","32","Kerala","601","Thiruvananthapuram","Other","11500","11500","11500"
"2021-04-16","Turmeric","1122","Thodupuzha","32","Kerala","596","Idukki","Dry","11500","12000","12000"
"2021-04-15","Turmeric","1122","Thodupuzha","32","Kerala","596","Idukki","Dry","11500","12000","12000"
"2021-04-15","Turmeric","1122","Thodupuzha","32","Kerala","596","Idukki","Other","1800","2000","2000"
"2021-04-13","Turmeric","1122","Thodupuzha","32","Kerala","596","Idukki","Other","1800","2000","2000"
"2021-04-13","Turmeric","1122","Thodupuzha","32","Kerala","596","Idukki","Dry","11500","12000","12000"
"2021-04-13","Turmeric","3097","Chala","32","Kerala","601","Thiruvananthapuram","Other","11500","11500","11500"
"2021-04-09","Turmeric","1122","Thodupuzha","32","Kerala","596","Idukki","Other","1800","2000","2000"
"2021-04-09","Turmeric","1122","Thodupuzha","32","Kerala","596","Idukki","Dry","11500","12000","12000"
"2021-04-08","Turmeric","1122","Thodupuzha","32","Kerala","596","Idukki","Other","1800","2000","2000"
"2021-04-08","Turmeric","1122","Thodupuzha","32","Kerala","596","Idukki","Dry","11500","12000","12000"
"2021-04-07","Turmeric","1122","Thodupuzha","32","Kerala","596","Idukki","Dry","11500","12000","12000"
"2021-04-07","Turmeric","1122","Thodupuzha","32","Kerala","596","Idukki","Other","1800","2000","2000"
"2021-04-05","Turmeric","1122","Thodupuzha","32","Kerala","596","Idukki","Dry","11500","12000","12000"
"2021-04-05","Turmeric","1122","Thodupuzha","32","Kerala","596","Idukki","Other","1800","2000","2000"
"2021-04-03","Turmeric","1122","Thodupuzha","32","Kerala","596","Idukki","Other","1800","2000","2000"
"2021-04-03","Turmeric","1122","Thodupuzha","32","Kerala","596","Idukki","Dry","11500","12000","12000"
"2021-04-02","Turmeric","2346","Sasthamkotta","32","Kerala","600","Kollam","Local","1500","2100","1800"
"2021-03-30","Turmeric","2346","Sasthamkotta","32","Kerala","600","Kollam","Local","1800","2200","2000"
"2021-03-30","Turmeric","3097","Chala","32","Kerala","601","Thiruvananthapuram","Other","10000","10000","10000"
"2021-03-27","Turmeric","1122","Thodupuzha","32","Kerala","596","Idukki","Other","1800","2000","2000"
"2021-03-27","Turmeric","1122","Thodupuzha","32","Kerala","596","Idukki","Dry","11500","12000","12000"
"2021-03-26","Turmeric","3097","Chala","32","Kerala","601","Thiruvananthapuram","Other","10000","10000","10000"
"2021-03-26","Turmeric","2346","Sasthamkotta","32","Kerala","600","Kollam","Local","1500","2100","1800"
"2021-03-25","Turmeric","1122","Thodupuzha","32","Kerala","596","Idukki","Dry","11500","12000","12000"
"2021-03-25","Turmeric","1122","Thodupuzha","32","Kerala","596","Idukki","Other","1800","2000","2000"
"2021-03-24","Turmeric","1122","Thodupuzha","32","Kerala","596","Idukki","Other","1800","2000","2000"
"2021-03-24","Turmeric","1122","Thodupuzha","32","Kerala","596","Idukki","Dry","11500","12000","12000"
"2021-03-22","Turmeric","1122","Thodupuzha","32","Kerala","596","Idukki","Other","1800","2000","2000"
"2021-03-22","Turmeric","1122","Thodupuzha","32","Kerala","596","Idukki","Dry","11500","12000","12000"
"2021-03-20","Turmeric","1122","Thodupuzha","32","Kerala","596","Idukki","Other","1800","2000","2000"
"2021-03-20","Turmeric","1122","Thodupuzha","32","Kerala","596","Idukki","Dry","11500","12000","12000"
"2021-03-19","Turmeric","1122","Thodupuzha","32","Kerala","596","Idukki","Dry","11500","12000","12000"
"2021-03-19","Turmeric","1122","Thodupuzha","32","Kerala","596","Idukki","Other","1800","2000","2000"
"2021-03-18","Turmeric","1122","Thodupuzha","32","Kerala","596","Idukki","Dry","11500","12000","12000"
"2021-03-18","Turmeric","1122","Thodupuzha","32","Kerala","596","Idukki","Other","1800","2000","2000"
"2021-03-17","Turmeric","1122","Thodupuzha","32","Kerala","596","Idukki","Other","1800","2000","2000"
"2021-03-17","Turmeric","1122","Thodupuzha","32","Kerala","596","Idukki","Dry","11500","12000","12000"
"2021-03-16","Turmeric","3097","Chala","32","Kerala","601","Thiruvananthapuram","Other","10000","10000","10000"
"2021-03-16","Turmeric","1122","Thodupuzha","32","Kerala","596","Idukki","Other","1800","2000","2000"
"2021-03-16","Turmeric","1122","Thodupuzha","32","Kerala","596","Idukki","Dry","10500","11000","11000"
"2021-03-15","Turmeric","1122","Thodupuzha","32","Kerala","596","Idukki","Other","1800","2000","2000"
"2021-03-15","Turmeric","1122","Thodupuzha","32","Kerala","596","Idukki","Dry","10500","11000","11000"
"2021-03-13","Turmeric","1122","Thodupuzha","32","Kerala","596","Idukki","Other","1800","2000","2000"
"2021-03-13","Turmeric","1122","Thodupuzha","32","Kerala","596","Idukki","Dry","10500","11000","11000"
"2021-03-09","Turmeric","1122","Thodupuzha","32","Kerala","596","Idukki","Dry","10500","11000","11000"
"2021-03-09","Turmeric","1122","Thodupuzha","32","Kerala","596","Idukki","Other","1800","2000","2000"
"2021-03-09","Turmeric","3097","Chala","32","Kerala","601","Thiruvananthapuram","Other","9000","9000","9000"
"2021-03-08","Turmeric","1122","Thodupuzha","32","Kerala","596","Idukki","Other","1800","2000","2000"
"2021-03-08","Turmeric","1122","Thodupuzha","32","Kerala","596","Idukki","Dry","10500","11000","11000"
"2021-03-05","Turmeric","3097","Chala","32","Kerala","601","Thiruvananthapuram","Other","9000","9000","9000"
"2021-03-02","Turmeric","3097","Chala","32","Kerala","601","Thiruvananthapuram","Other","9000","9000","9000"
"2021-03-01","Turmeric","1122","Thodupuzha","32","Kerala","596","Idukki","Other","1800","2000","2000"
"2021-02-27","Turmeric","1122","Thodupuzha","32","Kerala","596","Idukki","Other","1800","2000","2000"
"2021-02-27","Turmeric","1122","Thodupuzha","32","Kerala","596","Idukki","Dry","10500","11000","11000"
"2021-02-26","Turmeric","1122","Thodupuzha","32","Kerala","596","Idukki","Dry","10500","11000","11000"
"2021-02-26","Turmeric","1122","Thodupuzha","32","Kerala","596","Idukki","Other","1800","2000","2000"
"2021-02-26","Turmeric","3097","Chala","32","Kerala","601","Thiruvananthapuram","Other","10000","10000","10000"
"2021-02-25","Turmeric","1122","Thodupuzha","32","Kerala","596","Idukki","Other","1800","2000","2000"
"2021-02-25","Turmeric","1122","Thodupuzha","32","Kerala","596","Idukki","Dry","10500","11000","11000"
"2021-02-22","Turmeric","1122","Thodupuzha","32","Kerala","596","Idukki","Dry","10500","11000","11000"
"2021-02-22","Turmeric","1122","Thodupuzha","32","Kerala","596","Idukki","Other","1800","2000","2000"
"2021-02-20","Turmeric","1122","Thodupuzha","32","Kerala","596","Idukki","Dry","10500","11000","11000"
"2021-02-20","Turmeric","1122","Thodupuzha","32","Kerala","596","Idukki","Other","1800","2000","2000"
"2021-02-19","Turmeric","3097","Chala","32","Kerala","601","Thiruvananthapuram","Other","9000","9000","9000"
"2021-02-19","Turmeric","1122","Thodupuzha","32","Kerala","596","Idukki","Other","1800","2000","2000"
"2021-02-19","Turmeric","1122","Thodupuzha","32","Kerala","596","Idukki","Dry","10500","11000","11000"
"2021-02-18","Turmeric","1122","Thodupuzha","32","Kerala","596","Idukki","Dry","10500","11000","11000"
"2021-02-18","Turmeric","1122","Thodupuzha","32","Kerala","596","Idukki","Other","1800","2000","2000"
"2021-02-17","Turmeric","3083","Kattappana","32","Kerala","596","Idukki","Dry","1000","1200","1200"
"2021-02-17","Turmeric","1122","Thodupuzha","32","Kerala","596","Idukki","Dry","10500","11000","11000"
"2021-02-17","Turmeric","1122","Thodupuzha","32","Kerala","596","Idukki","Other","1800","2000","2000"
"2021-02-16","Turmeric","1122","Thodupuzha","32","Kerala","596","Idukki","Dry","10500","11000","11000"
"2021-02-16","Turmeric","3097","Chala","32","Kerala","601","Thiruvananthapuram","Other","9000","9000","9000"
"2021-02-16","Turmeric","1122","Thodupuzha","32","Kerala","596","Idukki","Other","1800","2000","2000"
"2021-02-16","Turmeric","3083","Kattappana","32","Kerala","596","Idukki","Dry","1000","1200","1200"
"2021-02-15","Turmeric","1122","Thodupuzha","32","Kerala","596","Idukki","Dry","10500","11000","11000"
"2021-02-15","Turmeric","1122","Thodupuzha","32","Kerala","596","Idukki","Other","1800","2000","2000"
"2021-02-12","Turmeric","3097","Chala","32","Kerala","601","Thiruvananthapuram","Other","9000","9000","9000"
"2021-02-09","Turmeric","1122","Thodupuzha","32","Kerala","596","Idukki","Other","1800","2000","2000"
"2021-02-09","Turmeric","1122","Thodupuzha","32","Kerala","596","Idukki","Dry","10500","11000","11000"
"2021-02-09","Turmeric","3097","Chala","32","Kerala","601","Thiruvananthapuram","Other","9000","9000","9000"
"2021-02-08","Turmeric","1122","Thodupuzha","32","Kerala","596","Idukki","Dry","10500","11000","11000"
"2021-02-08","Turmeric","1122","Thodupuzha","32","Kerala","596","Idukki","Other","1800","2000","2000"
"2021-02-05","Turmeric","3097","Chala","32","Kerala","601","Thiruvananthapuram","Other","9000","9000","9000"
"2021-01-19","Turmeric","3097","Chala","32","Kerala","601","Thiruvananthapuram","Other","9200","9200","9200"
"2021-01-12","Turmeric","3097","Chala","32","Kerala","601","Thiruvananthapuram","Other","9200","9200","9200"
"2021-01-08","Turmeric","3097","Chala","32","Kerala","601","Thiruvananthapuram","Other","9200","9200","9200"
"2021-01-05","Turmeric","3097","Chala","32","Kerala","601","Thiruvananthapuram","Other","9000","9000","9000"
"2021-01-01","Turmeric","3097","Chala","32","Kerala","601","Thiruvananthapuram","Other","9000","9000","9000"
"2020-12-29","Turmeric","3097","Chala","32","Kerala","601","Thiruvananthapuram","Other","9000","9000","9000"
"2020-12-15","Turmeric","3097","Chala","32","Kerala","601","Thiruvananthapuram","Other","9000","9000","9000"
"2020-11-27","Turmeric","3097","Chala","32","Kerala","601","Thiruvananthapuram","Other","9000","9000","9000"
"2020-11-24","Turmeric","3097","Chala","32","Kerala","601","Thiruvananthapuram","Other","9000","9000","9000"
"2020-11-20","Turmeric","3097","Chala","32","Kerala","601","Thiruvananthapuram","Other","9000","9000","9000"
"2020-11-17","Turmeric","3097","Chala","32","Kerala","601","Thiruvananthapuram","Other","9000","9000","9000"
"2020-11-10","Turmeric","3097","Chala","32","Kerala","601","Thiruvananthapuram","Other","9000","9000","9000"
"2020-11-06","Turmeric","3097","Chala","32","Kerala","601","Thiruvananthapuram","Other","9200","9200","9200"
"2020-11-03","Turmeric","3097","Chala","32","Kerala","601","Thiruvananthapuram","Other","9200","9200","9200"
"2020-10-30","Turmeric","3097","Chala","32","Kerala","601","Thiruvananthapuram","Other","9200","9200","9200"
"2020-10-28","Turmeric","3097","Chala","32","Kerala","601","Thiruvananthapuram","Other","9200","9200","9200"
"2020-10-27","Turmeric","3097","Chala","32","Kerala","601","Thiruvananthapuram","Other","9200","9200","9200"
"2020-10-20","Turmeric","3097","Chala","32","Kerala","601","Thiruvananthapuram","Other","9200","9200","9200"
"2020-10-19","Turmeric","3083","Kattappana","32","Kerala","596","Idukki","Dry","15000","15000","15000"
"2020-10-16","Turmeric","3097","Chala","32","Kerala","601","Thiruvananthapuram","Other","9200","9200","9200"
"2020-10-13","Turmeric","3097","Chala","32","Kerala","601","Thiruvananthapuram","Other","9200","9200","9200"
"2020-10-09","Turmeric","3097","Chala","32","Kerala","601","Thiruvananthapuram","Other","9200","9200","9200"
"2020-10-06","Turmeric","3097","Chala","32","Kerala","601","Thiruvananthapuram","Other","9200","9200","9200"
"2020-09-29","Turmeric","3097","Chala","32","Kerala","601","Thiruvananthapuram","Other","9200","9200","9200"
"2020-09-28","Turmeric","1122","Thodupuzha","32","Kerala","596","Idukki","Other","1400","1500","1500"
"2020-09-28","Turmeric","1122","Thodupuzha","32","Kerala","596","Idukki","Dry","10000","11000","11000"
"2020-09-25","Turmeric","1122","Thodupuzha","32","Kerala","596","Idukki","Other","1400","1500","1500"
"2020-09-25","Turmeric","1122","Thodupuzha","32","Kerala","596","Idukki","Dry","10000","11000","11000"
"2020-09-25","Turmeric","3097","Chala","32","Kerala","601","Thiruvananthapuram","Other","9200","9200","9200"
"2020-09-24","Turmeric","1122","Thodupuzha","32","Kerala","596","Idukki","Other","1400","1500","1500"
"2020-09-24","Turmeric","1122","Thodupuzha","32","Kerala","596","Idukki","Dry","10000","11000","11000"
"2020-09-23","Turmeric","1122","Thodupuzha","32","Kerala","596","Idukki","Dry","10000","11000","11000"
"2020-09-23","Turmeric","1122","Thodupuzha","32","Kerala","596","Idukki","Other","1400","1500","1500"
"2020-09-22","Turmeric","1122","Thodupuzha","32","Kerala","596","Idukki","Dry","10000","11000","11000"
"2020-09-22","Turmeric","3097","Chala","32","Kerala","601","Thiruvananthapuram","Other","9200","9200","9200"
"2020-09-22","Turmeric","1122","Thodupuzha","32","Kerala","596","Idukki","Other","1400","1500","1500"
"2020-09-19","Turmeric","1122","Thodupuzha","32","Kerala","596","Idukki","Dry","10000","11000","11000"
"2020-09-19","Turmeric","1122","Thodupuzha","32","Kerala","596","Idukki","Other","1400","1500","1500"
"2020-09-18","Turmeric","3097","Chala","32","Kerala","601","Thiruvananthapuram","Other","9200","9200","9200"
"2020-09-16","Turmeric","1122","Thodupuzha","32","Kerala","596","Idukki","Dry","10000","11000","11000"
"2020-09-16","Turmeric","1122","Thodupuzha","32","Kerala","596","Idukki","Other","1400","1500","1500"
"2020-09-15","Turmeric","1122","Thodupuzha","32","Kerala","596","Idukki","Dry","10000","11000","11000"
"2020-09-15","Turmeric","1122","Thodupuzha","32","Kerala","596","Idukki","Other","1400","1500","1500"
"2020-09-15","Turmeric","3097","Chala","32","Kerala","601","Thiruvananthapuram","Other","9200","9200","9200"
"2020-09-14","Turmeric","1122","Thodupuzha","32","Kerala","596","Idukki","Other","1400","1500","1500"
"2020-09-14","Turmeric","1122","Thodupuzha","32","Kerala","596","Idukki","Dry","10000","11000","11000"
"2020-09-11","Turmeric","3097","Chala","32","Kerala","601","Thiruvananthapuram","Other","9500","9500","9500"
"2020-09-09","Turmeric","1122","Thodupuzha","32","Kerala","596","Idukki","Dry","10000","11000","11000"
"2020-09-09","Turmeric","1122","Thodupuzha","32","Kerala","596","Idukki","Other","1400","1500","1500"
"2020-09-08","Turmeric","1122","Thodupuzha","32","Kerala","596","Idukki","Dry","10000","11000","11000"
"2020-09-08","Turmeric","1122","Thodupuzha","32","Kerala","596","Idukki","Other","1400","1500","1500"
"2020-09-08","Turmeric","3097","Chala","32","Kerala","601","Thiruvananthapuram","Other","9200","9200","9200"
"2020-09-07","Turmeric","1122","Thodupuzha","32","Kerala","596","Idukki","Dry","10000","11000","11000"
"2020-09-07","Turmeric","1122","Thodupuzha","32","Kerala","596","Idukki","Other","1400","1500","1500"
"2020-09-04","Turmeric","1122","Thodupuzha","32","Kerala","596","Idukki","Other","1400","1500","1500"
"2020-09-04","Turmeric","3097","Chala","32","Kerala","601","Thiruvananthapuram","Other","9200","9200","9200"
"2020-09-04","Turmeric","1122","Thodupuzha","32","Kerala","596","Idukki","Dry","10000","11000","11000"
"2020-09-03","Turmeric","1122","Thodupuzha","32","Kerala","596","Idukki","Dry","10000","11000","11000"
"2020-09-03","Turmeric","1122","Thodupuzha","32","Kerala","596","Idukki","Other","1400","1500","1500"
"2020-08-26","Turmeric","1122","Thodupuzha","32","Kerala","596","Idukki","Other","1400","1500","1500"
"2020-08-26","Turmeric","1122","Thodupuzha","32","Kerala","596","Idukki","Dry","10000","11000","11000"
"2020-08-25","Turmeric","1122","Thodupuzha","32","Kerala","596","Idukki","Dry","10000","11000","11000"
"2020-08-25","Turmeric","1122","Thodupuzha","32","Kerala","596","Idukki","Other","1400","1500","1500"
"2020-08-25","Turmeric","3097","Chala","32","Kerala","601","Thiruvananthapuram","Other","10200","10200","10200"
"2020-08-24","Turmeric","1122","Thodupuzha","32","Kerala","596","Idukki","Dry","10000","11000","11000"
"2020-08-24","Turmeric","1122","Thodupuzha","32","Kerala","596","Idukki","Other","1400","1500","1500"
"2020-08-21","Turmeric","1122","Thodupuzha","32","Kerala","596","Idukki","Dry","10000","11000","11000"
"2020-08-21","Turmeric","1122","Thodupuzha","32","Kerala","596","Idukki","Other","1400","1500","1500"
"2020-08-21","Turmeric","3097","Chala","32","Kerala","601","Thiruvananthapuram","Other","9500","9500","9500"
"2020-08-20","Turmeric","1122","Thodupuzha","32","Kerala","596","Idukki","Other","1400","1500","1500"
"2020-08-20","Turmeric","1122","Thodupuzha","32","Kerala","596","Idukki","Dry","10000","11000","11000"
"2020-08-19","Turmeric","1122","Thodupuzha","32","Kerala","596","Idukki","Other","1400","1500","1500"
"2020-08-19","Turmeric","1122","Thodupuzha","32","Kerala","596","Idukki","Dry","10000","11000","11000"
"2020-08-18","Turmeric","1122","Thodupuzha","32","Kerala","596","Idukki","Dry","10000","11000","11000"
"2020-08-18","Turmeric","1122","Thodupuzha","32","Kerala","596","Idukki","Other","1400","1500","1500"
"2020-08-18","Turmeric","3097","Chala","32","Kerala","601","Thiruvananthapuram","Other","9500","9500","9500"
"2020-08-17","Turmeric","1122","Thodupuzha","32","Kerala","596","Idukki","Dry","10000","11000","11000"
"2020-08-17","Turmeric","1122","Thodupuzha","32","Kerala","596","Idukki","Other","1400","1500","1500"
"2020-08-14","Turmeric","3097","Chala","32","Kerala","601","Thiruvananthapuram","Other","9500","9500","9500"
"2020-08-13","Turmeric","1122","Thodupuzha","32","Kerala","596","Idukki","Other","1400","1500","1500"
"2020-08-13","Turmeric","1122","Thodupuzha","32","Kerala","596","Idukki","Dry","10000","11000","11000"
"2020-08-12","Turmeric","1122","Thodupuzha","32","Kerala","596","Idukki","Dry","10000","11000","11000"
"2020-08-12","Turmeric","1122","Thodupuzha","32","Kerala","596","Idukki","Other","1400","1500","1500"
"2020-08-11","Turmeric","1122","Thodupuzha","32","Kerala","596","Idukki","Dry","10000","11000","11000"
"2020-08-11","Turmeric","3097","Chala","32","Kerala","601","Thiruvananthapuram","Other","10500","10500","10500"
"2020-08-11","Turmeric","1122","Thodupuzha","32","Kerala","596","Idukki","Other","1400","1500","1500"
"2020-08-10","Turmeric","1122","Thodupuzha","32","Kerala","596","Idukki","Dry","10000","11000","11000"
"2020-08-10","Turmeric","1122","Thodupuzha","32","Kerala","596","Idukki","Other","1400","1500","1500"
"2020-08-07","Turmeric","1122","Thodupuzha","32","Kerala","596","Idukki","Dry","10000","11000","11000"
"2020-08-07","Turmeric","1122","Thodupuzha","32","Kerala","596","Idukki","Other","1400","1500","1500"
"2020-08-06","Turmeric","1122","Thodupuzha","32","Kerala","596","Idukki","Other","1400","1500","1500"
"2020-08-06","Turmeric","1122","Thodupuzha","32","Kerala","596","Idukki","Dry","10000","11000","11000"
"2020-08-05","Turmeric","1122","Thodupuzha","32","Kerala","596","Idukki","Dry","10000","11000","11000"
"2020-08-05","Turmeric","1122","Thodupuzha","32","Kerala","596","Idukki","Other","1400","1600","1500"
"2020-08-04","Turmeric","1122","Thodupuzha","32","Kerala","596","Idukki","Dry","10000","11000","11000"
"2020-08-04","Turmeric","1122","Thodupuzha","32","Kerala","596","Idukki","Other","1400","1500","1500"
"2020-08-03","Turmeric","1122","Thodupuzha","32","Kerala","596","Idukki","Other","1400","1500","1500"
"2020-08-03","Turmeric","1122","Thodupuzha","32","Kerala","596","Idukki","Dry","10000","11000","11000"
"2020-07-29","Turmeric","1122","Thodupuzha","32","Kerala","596","Idukki","Other","1400","1500","1500"
"2020-07-29","Turmeric","1122","Thodupuzha","32","Kerala","596","Idukki","Dry","10000","11000","11000"
"2020-07-28","Turmeric","1122","Thodupuzha","32","Kerala","596","Idukki","Dry","10000","11000","11000"
"2020-07-28","Turmeric","1122","Thodupuzha","32","Kerala","596","Idukki","Other","1400","1500","1500"
"2020-07-27","Turmeric","1122","Thodupuzha","32","Kerala","596","Idukki","Dry","10000","11000","11000"
"2020-07-27","Turmeric","1122","Thodupuzha","32","Kerala","596","Idukki","Other","1400","1500","1500"
"2020-07-24","Turmeric","1122","Thodupuzha","32","Kerala","596","Idukki","Other","1400","1500","1500"
"2020-07-24","Turmeric","1122","Thodupuzha","32","Kerala","596","Idukki","Dry","10000","11000","11000"
"2020-07-22","Turmeric","1122","Thodupuzha","32","Kerala","596","Idukki","Dry","10000","11000","11000"
"2020-07-22","Turmeric","1122","Thodupuzha","32","Kerala","596","Idukki","Other","1400","1500","1500"
"2020-07-21","Turmeric","1122","Thodupuzha","32","Kerala","596","Idukki","Other","1400","1500","1500"
"2020-07-21","Turmeric","1122","Thodupuzha","32","Kerala","596","Idukki","Dry","10000","11000","11000"
"2020-07-17","Turmeric","1122","Thodupuzha","32","Kerala","596","Idukki","Other","1400","1500","1500"
"2020-07-17","Turmeric","1122","Thodupuzha","32","Kerala","596","Idukki","Dry","10000","11000","11000"
"2020-07-16","Turmeric","1122","Thodupuzha","32","Kerala","596","Idukki","Other","1400","1500","1500"
"2020-07-16","Turmeric","1122","Thodupuzha","32","Kerala","596","Idukki","Dry","10000","11000","11000"
"2020-07-15","Turmeric","1122","Thodupuzha","32","Kerala","596","Idukki","Dry","10000","11000","11000"
"2020-07-15","Turmeric","1122","Thodupuzha","32","Kerala","596","Idukki","Other","1400","1500","1500"
"2020-07-14","Turmeric","1122","Thodupuzha","32","Kerala","596","Idukki","Dry","10000","11000","11000"
"2020-07-14","Turmeric","1122","Thodupuzha","32","Kerala","596","Idukki","Other","1400","1500","1500"
"2020-07-13","Turmeric","1122","Thodupuzha","32","Kerala","596","Idukki","Dry","10000","11000","11000"
"2020-07-13","Turmeric","1122","Thodupuzha","32","Kerala","596","Idukki","Other","1400","1500","1500"
"2020-07-10","Turmeric","1122","Thodupuzha","32","Kerala","596","Idukki","Other","900","1000","1000"
"2020-07-10","Turmeric","1122","Thodupuzha","32","Kerala","596","Idukki","Dry","10000","11000","11000"
"2020-07-09","Turmeric","1122","Thodupuzha","32","Kerala","596","Idukki","Other","1400","1500","1500"
"2020-07-09","Turmeric","1122","Thodupuzha","32","Kerala","596","Idukki","Dry","10000","11000","11000"
"2020-07-08","Turmeric","1122","Thodupuzha","32","Kerala","596","Idukki","Other","1400","1500","1500"
"2020-07-08","Turmeric","1122","Thodupuzha","32","Kerala","596","Idukki","Dry","10000","11000","11000"
"2020-07-07","Turmeric","1122","Thodupuzha","32","Kerala","596","Idukki","Other","1400","1500","1500"
"2020-07-07","Turmeric","1122","Thodupuzha","32","Kerala","596","Idukki","Dry","10000","11000","11000"
"2020-07-06","Turmeric","1122","Thodupuzha","32","Kerala","596","Idukki","Other","1400","1500","1500"
"2020-07-06","Turmeric","1122","Thodupuzha","32","Kerala","596","Idukki","Dry","10000","11000","11000"
"2020-07-03","Turmeric","1122","Thodupuzha","32","Kerala","596","Idukki","Dry","10000","11000","11000"
"2020-07-03","Turmeric","1122","Thodupuzha","32","Kerala","596","Idukki","Other","1400","1500","1500"
"2020-07-02","Turmeric","1122","Thodupuzha","32","Kerala","596","Idukki","Other","1400","1500","1500"
"2020-07-02","Turmeric","1122","Thodupuzha","32","Kerala","596","Idukki","Dry","10000","11000","11000"
"2020-07-01","Turmeric","1122","Thodupuzha","32","Kerala","596","Idukki","Dry","10000","11000","11000"
"2020-07-01","Turmeric","1122","Thodupuzha","32","Kerala","596","Idukki","Other","1400","1500","1500"
"2020-06-30","Turmeric","1122","Thodupuzha","32","Kerala","596","Idukki","Other","1400","1500","1500"
"2020-06-30","Turmeric","1122","Thodupuzha","32","Kerala","596","Idukki","Dry","10000","11000","11000"
"2020-06-29","Turmeric","1122","Thodupuzha","32","Kerala","596","Idukki","Other","1400","1500","1500"
"2020-06-29","Turmeric","1122","Thodupuzha","32","Kerala","596","Idukki","Dry","10000","11000","11000"
"2020-06-27","Turmeric","1122","Thodupuzha","32","Kerala","596","Idukki","Other","1400","1500","1500"
"2020-06-27","Turmeric","1122","Thodupuzha","32","Kerala","596","Idukki","Dry","10000","11000","11000"
"2020-06-26","Turmeric","1122","Thodupuzha","32","Kerala","596","Idukki","Dry","10000","11000","11000"
"2020-06-26","Turmeric","1122","Thodupuzha","32","Kerala","596","Idukki","Other","1400","1500","1500"
"2020-06-25","Turmeric","1122","Thodupuzha","32","Kerala","596","Idukki","Dry","10000","11000","11000"
"2020-06-25","Turmeric","1122","Thodupuzha","32","Kerala","596","Idukki","Other","1400","1500","1500"
"2020-06-24","Turmeric","1122","Thodupuzha","32","Kerala","596","Idukki","Other","1400","1500","1500"
"2020-06-24","Turmeric","1122","Thodupuzha","32","Kerala","596","Idukki","Dry","10000","11000","11000"
"2020-06-23","Turmeric","3097","Chala","32","Kerala","601","Thiruvananthapuram","Other","10200","10200","10200"
"2020-06-23","Turmeric","1122","Thodupuzha","32","Kerala","596","Idukki","Dry","10000","11000","11000"
"2020-06-23","Turmeric","1122","Thodupuzha","32","Kerala","596","Idukki","Other","1400","1500","1500"
"2020-06-22","Turmeric","1122","Thodupuzha","32","Kerala","596","Idukki","Dry","10000","11000","11000"
"2020-06-22","Turmeric","1122","Thodupuzha","32","Kerala","596","Idukki","Other","1400","1500","1500"
"2020-06-19","Turmeric","1122","Thodupuzha","32","Kerala","596","Idukki","Dry","10000","11000","11000"
"2020-06-19","Turmeric","3097","Chala","32","Kerala","601","Thiruvananthapuram","Other","10200","10200","10200"
"2020-06-19","Turmeric","1122","Thodupuzha","32","Kerala","596","Idukki","Other","1400","1500","1500"
"2020-06-18","Turmeric","1122","Thodupuzha","32","Kerala","596","Idukki","Other","1400","1500","1500"
"2020-06-18","Turmeric","1122","Thodupuzha","32","Kerala","596","Idukki","Dry","10000","11000","11000"
"2020-06-17","Turmeric","1122","Thodupuzha","32","Kerala","596","Idukki","Dry","10000","11000","11000"
"2020-06-17","Turmeric","1122","Thodupuzha","32","Kerala","596","Idukki","Other","1000","1200","1200"
"2020-06-17","Turmeric","3081","Vandiperiyar","32","Kerala","596","Idukki","Other","5000","5000","5000"
"2020-06-16","Turmeric","1122","Thodupuzha","32","Kerala","596","Idukki","Dry","10000","11000","11000"
"2020-06-16","Turmeric","1122","Thodupuzha","32","Kerala","596","Idukki","Other","1400","1500","1500"
"2020-06-16","Turmeric","3097","Chala","32","Kerala","601","Thiruvananthapuram","Other","10200","10200","10200"
"2020-06-15","Turmeric","1122","Thodupuzha","32","Kerala","596","Idukki","Other","1800","2000","2000"
"2020-06-15","Turmeric","1122","Thodupuzha","32","Kerala","596","Idukki","Dry","10000","11000","11000"
"2020-06-12","Turmeric","1122","Thodupuzha","32","Kerala","596","Idukki","Other","1800","2000","2000"
"2020-06-12","Turmeric","1122","Thodupuzha","32","Kerala","596","Idukki","Dry","10500","11000","11000"
"2020-03-19","Turmeric","1122","Thodupuzha","32","Kerala","596","Idukki","Dry","8000","8500","8500"
"2020-03-19","Turmeric","1122","Thodupuzha","32","Kerala","596","Idukki","Other","1200","1300","1300"
"2020-03-18","Turmeric","1122","Thodupuzha","32","Kerala","596","Idukki","Dry","8000","8500","8500"
"2020-03-18","Turmeric","1122","Thodupuzha","32","Kerala","596","Idukki","Other","1200","1300","1300"
"2020-03-17","Turmeric","3097","Chala","32","Kerala","601","Thiruvananthapuram","Other","9600","9600","9600"
"2020-03-16","Turmeric","1122","Thodupuzha","32","Kerala","596","Idukki","Other","1200","1300","1300"
"2020-03-16","Turmeric","1122","Thodupuzha","32","Kerala","596","Idukki","Dry","8000","8500","8500"
"2020-03-13","Turmeric","1122","Thodupuzha","32","Kerala","596","Idukki","Other","1200","1300","1300"
"2020-03-13","Turmeric","3097","Chala","32","Kerala","601","Thiruvananthapuram","Other","9200","9200","9200"
"2020-03-13","Turmeric","1122","Thodupuzha","32","Kerala","596","Idukki","Dry","8000","8500","8500"
"2020-03-12","Turmeric","1122","Thodupuzha","32","Kerala","596","Idukki","Dry","8000","8500","8500"
"2020-03-12","Turmeric","1122","Thodupuzha","32","Kerala","596","Idukki","Other","1200","1300","1300"
"2020-03-11","Turmeric","1122","Thodupuzha","32","Kerala","596","Idukki","Other","1200","1300","1300"
"2020-03-11","Turmeric","1122","Thodupuzha","32","Kerala","596","Idukki","Dry","8000","8500","8500"
"2020-03-10","Turmeric","3097","Chala","32","Kerala","601","Thiruvananthapuram","Other","9600","9600","9600"
"2020-03-10","Turmeric","1122","Thodupuzha","32","Kerala","596","Idukki","Other","1200","1300","1300"
"2020-03-10","Turmeric","1122","Thodupuzha","32","Kerala","596","Idukki","Dry","8000","8500","8500"
"2020-03-09","Turmeric","1122","Thodupuzha","32","Kerala","596","Idukki","Dry","8000","8500","8500"
"2020-03-09","Turmeric","1122","Thodupuzha","32","Kerala","596","Idukki","Other","1200","1300","1300"
"2020-03-07","Turmeric","1122","Thodupuzha","32","Kerala","596","Idukki","Dry","8000","8500","8500"
"2020-03-07","Turmeric","1122","Thodupuzha","32","Kerala","596","Idukki","Other","1200","1300","1300"
"2020-03-06","Turmeric","1122","Thodupuzha","32","Kerala","596","Idukki","Other","1200","1300","1300"
"2020-03-06","Turmeric","1122","Thodupuzha","32","Kerala","596","Idukki","Dry","8000","8500","8500"
"2020-03-05","Turmeric","1122","Thodupuzha","32","Kerala","596","Idukki","Dry","8000","8500","8500"
"2020-03-05","Turmeric","1122","Thodupuzha","32","Kerala","596","Idukki","Other","1200","1300","1300"
"2020-03-04","Turmeric","1122","Thodupuzha","32","Kerala","596","Idukki","Dry","8000","8500","8500"
"2020-03-04","Turmeric","1122","Thodupuzha","32","Kerala","596","Idukki","Other","1200","1300","1300"
"2020-03-03","Turmeric","3097","Chala","32","Kerala","601","Thiruvananthapuram","Other","9600","9600","9600"
"2020-03-03","Turmeric","1122","Thodupuzha","32","Kerala","596","Idukki","Other","1200","1300","1300"
"2020-03-03","Turmeric","1122","Thodupuzha","32","Kerala","596","Idukki","Dry","8000","8500","8500"
"2020-03-02","Turmeric","1122","Thodupuzha","32","Kerala","596","Idukki","Dry","8000","8500","8500"
"2020-03-02","Turmeric","1122","Thodupuzha","32","Kerala","596","Idukki","Other","1200","1300","1300"
"2020-02-28","Turmeric","1122","Thodupuzha","32","Kerala","596","Idukki","Other","1200","1400","1400"
"2020-02-28","Turmeric","1122","Thodupuzha","32","Kerala","596","Idukki","Dry","8500","9000","9000"
"2020-02-28","Turmeric","3097","Chala","32","Kerala","601","Thiruvananthapuram","Other","9600","9600","9600"
"2020-02-27","Turmeric","1122","Thodupuzha","32","Kerala","596","Idukki","Other","1200","1400","1400"
"2020-02-27","Turmeric","1122","Thodupuzha","32","Kerala","596","Idukki","Dry","8500","9000","9000"
"2020-02-26","Turmeric","1122","Thodupuzha","32","Kerala","596","Idukki","Dry","8500","9000","9000"
"2020-02-26","Turmeric","1122","Thodupuzha","32","Kerala","596","Idukki","Other","1200","1400","1400"
"2020-02-25","Turmeric","3097","Chala","32","Kerala","601","Thiruvananthapuram","Other","9800","9800","9800"
"2020-02-25","Turmeric","1122","Thodupuzha","32","Kerala","596","Idukki","Dry","9500","10000","10000"
"2020-02-25","Turmeric","1122","Thodupuzha","32","Kerala","596","Idukki","Other","1500","1600","1600"
"2020-02-22","Turmeric","1122","Thodupuzha","32","Kerala","596","Idukki","Other","1500","1600","1600"
"2020-02-22","Turmeric","1122","Thodupuzha","32","Kerala","596","Idukki","Dry","9500","10000","10000"
"2020-02-20","Turmeric","1122","Thodupuzha","32","Kerala","596","Idukki","Dry","9500","10000","10000"
"2020-02-20","Turmeric","1122","Thodupuzha","32","Kerala","596","Idukki","Other","1500","1600","1600"
"2020-02-19","Turmeric","1122","Thodupuzha","32","Kerala","596","Idukki","Other","1500","1600","1600"
"2020-02-19","Turmeric","1122","Thodupuzha","32","Kerala","596","Idukki","Dry","9500","10000","10000"
"2020-02-18","Turmeric","3097","Chala","32","Kerala","601","Thiruvananthapuram","Other","9800","9800","9800"
"2020-02-18","Turmeric","1122","Thodupuzha","32","Kerala","596","Idukki","Dry","9500","10000","10000"
"2020-02-18","Turmeric","1122","Thodupuzha","32","Kerala","596","Idukki","Other","1500","1600","1600"
"2020-02-17","Turmeric","1122","Thodupuzha","32","Kerala","596","Idukki","Dry","9500","10000","10000"
"2020-02-17","Turmeric","1122","Thodupuzha","32","Kerala","596","Idukki","Other","1500","1600","1600"
"2020-02-15","Turmeric","1122","Thodupuzha","32","Kerala","596","Idukki","Dry","9500","10000","10000"
"2020-02-15","Turmeric","1122","Thodupuzha","32","Kerala","596","Idukki","Other","1500","1600","1600"
"2020-02-15","Turmeric","135","Moovattupuzha","32","Kerala","595","Ernakulam","Other","11000","13000","12000"
"2020-02-14","Turmeric","135","Moovattupuzha","32","Kerala","595","Ernakulam","Dry","11000","13000","12000"
"2020-02-13","Turmeric","1122","Thodupuzha","32","Kerala","596","Idukki","Other","1500","1600","1600"
"2020-02-13","Turmeric","1122","Thodupuzha","32","Kerala","596","Idukki","Dry","9500","10000","10000"
"2020-02-12","Turmeric","1122","Thodupuzha","32","Kerala","596","Idukki","Dry","9500","10000","10000"
"2020-02-12","Turmeric","1122","Thodupuzha","32","Kerala","596","Idukki","Other","1500","1600","1600"
"2020-02-11","Turmeric","1122","Thodupuzha","32","Kerala","596","Idukki","Other","1500","1600","1600"
"2020-02-11","Turmeric","1122","Thodupuzha","32","Kerala","596","Idukki","Dry","9500","10000","10000"
"2020-02-10","Turmeric","1122","Thodupuzha","32","Kerala","596","Idukki","Other","1500","1600","1600"
"2020-02-10","Turmeric","1122","Thodupuzha","32","Kerala","596","Idukki","Dry","9500","10000","10000"
"2020-02-10","Turmeric","135","Moovattupuzha","32","Kerala","595","Ernakulam","Dry","7200","7400","7300"
"2020-02-08","Turmeric","1122","Thodupuzha","32","Kerala","596","Idukki","Other","1500","1600","1600"
"2020-02-08","Turmeric","135","Moovattupuzha","32","Kerala","595","Ernakulam","Dry","7200","7400","7300"
"2020-02-08","Turmeric","1122","Thodupuzha","32","Kerala","596","Idukki","Dry","9500","10000","10000"
"2020-02-07","Turmeric","135","Moovattupuzha","32","Kerala","595","Ernakulam","Dry","7200","7400","7300"
"2020-02-05","Turmeric","1122","Thodupuzha","32","Kerala","596","Idukki","Other","1500","1600","1600"
"2020-02-05","Turmeric","1122","Thodupuzha","32","Kerala","596","Idukki","Dry","9500","10000","10000"
"2020-02-04","Turmeric","1122","Thodupuzha","32","Kerala","596","Idukki","Dry","9500","10000","10000"
"2020-02-04","Turmeric","135","Moovattupuzha","32","Kerala","595","Ernakulam","Dry","7200","7400","7300"
"2020-02-04","Turmeric","1122","Thodupuzha","32","Kerala","596","Idukki","Other","1500","1600","1600"
"2020-02-04","Turmeric","3097","Chala","32","Kerala","601","Thiruvananthapuram","Other","9800","9856","9825"
"2020-02-03","Turmeric","135","Moovattupuzha","32","Kerala","595","Ernakulam","Dry","7200","7400","7300"
"2020-02-03","Turmeric","1122","Thodupuzha","32","Kerala","596","Idukki","Dry","9500","10000","10000"
"2020-02-03","Turmeric","3097","Chala","32","Kerala","601","Thiruvananthapuram","Other","9800","9800","9800"
"2020-02-03","Turmeric","1122","Thodupuzha","32","Kerala","596","Idukki","Other","1500","1600","1600"
"2020-02-01","Turmeric","135","Moovattupuzha","32","Kerala","595","Ernakulam","Dry","7200","7400","7300"
"2020-02-01","Turmeric","1122","Thodupuzha","32","Kerala","596","Idukki","Other","1500","1600","1600"
"2020-02-01","Turmeric","1122","Thodupuzha","32","Kerala","596","Idukki","Dry","9500","10000","10000"
"2020-01-31","Turmeric","1122","Thodupuzha","32","Kerala","596","Idukki","Dry","9500","10000","10000"
"2020-01-31","Turmeric","3097","Chala","32","Kerala","601","Thiruvananthapuram","Other","9800","9800","9800"
"2020-01-31","Turmeric","1122","Thodupuzha","32","Kerala","596","Idukki","Other","1500","1600","1600"
"2020-01-30","Turmeric","1122","Thodupuzha","32","Kerala","596","Idukki","Other","1500","1600","1600"
"2020-01-30","Turmeric","1122","Thodupuzha","32","Kerala","596","Idukki","Dry","9500","10000","10000"
"2020-01-29","Turmeric","1122","Thodupuzha","32","Kerala","596","Idukki","Other","1500","1600","1600"
"2020-01-29","Turmeric","1122","Thodupuzha","32","Kerala","596","Idukki","Dry","9500","10000","10000"
"2020-01-29","Turmeric","135","Moovattupuzha","32","Kerala","595","Ernakulam","Dry","7200","7400","7300"
"2020-01-28","Turmeric","1122","Thodupuzha","32","Kerala","596","Idukki","Dry","9500","10000","10000"
"2020-01-28","Turmeric","1122","Thodupuzha","32","Kerala","596","Idukki","Other","1500","1600","1600"
"2020-01-28","Turmeric","3097","Chala","32","Kerala","601","Thiruvananthapuram","Other","9800","9800","9800"
"2020-01-28","Turmeric","135","Moovattupuzha","32","Kerala","595","Ernakulam","Dry","7200","7400","7300"
"2020-01-25","Turmeric","1122","Thodupuzha","32","Kerala","596","Idukki","Dry","9500","10000","10000"
"2020-01-25","Turmeric","1122","Thodupuzha","32","Kerala","596","Idukki","Other","1500","1600","1600"
"2020-01-24","Turmeric","1122","Thodupuzha","32","Kerala","596","Idukki","Dry","9500","10000","10000"
"2020-01-24","Turmeric","3097","Chala","32","Kerala","601","Thiruvananthapuram","Other","9800","9800","9800"
"2020-01-24","Turmeric","1122","Thodupuzha","32","Kerala","596","Idukki","Other","1500","1600","1600"
"2020-01-23","Turmeric","1122","Thodupuzha","32","Kerala","596","Idukki","Dry","9500","10000","10000"
"2020-01-23","Turmeric","1122","Thodupuzha","32","Kerala","596","Idukki","Other","1500","1600","1600"
"2020-01-22","Turmeric","1122","Thodupuzha","32","Kerala","596","Idukki","Other","1500","1600","1600"
"2020-01-22","Turmeric","1122","Thodupuzha","32","Kerala","596","Idukki","Dry","9500","10000","10000"
"2020-01-21","Turmeric","3097","Chala","32","Kerala","601","Thiruvananthapuram","Other","9600","9600","9600"
"2020-01-17","Turmeric","3097","Chala","32","Kerala","601","Thiruvananthapuram","Other","9600","9600","9600"
"2020-01-14","Turmeric","3097","Chala","32","Kerala","601","Thiruvananthapuram","Other","9600","9600","9600"
"2020-01-10","Turmeric","3097","Chala","32","Kerala","601","Thiruvananthapuram","Other","9600","9600","9600"
"2020-01-07","Turmeric","3097","Chala","32","Kerala","601","Thiruvananthapuram","Other","9600","9600","9600"